{
  "app": "app_05_rl",
  "gravity_normal": 9.8,
  "gravity_perturbed": 14.700000000000001,
  "asstf_normal_reward": 33.36220143762186,
  "static_normal_reward": 44.38817222030467,
  "asstf_perturbed_reward": 45.69230888355155,
  "static_perturbed_reward": 28.939313609637992,
  "asstf_adapted_reward": 40.84624923107711
}