{
  "app": "app_03_anomaly",
  "asstf_threshold": 0.7173540857434274,
  "static_threshold": 0.5657680082321167,
  "adapt_threshold": 1.0760311286151412,
  "adapted_windows": 2,
  "window_f1_asstf": [
    0.0,
    0.0,
    0.98989898989899
  ],
  "window_f1_static": [
    0.0,
    0.0,
    0.8319327731092437
  ],
  "mean_f1_asstf": 0.32996632996632996,
  "mean_f1_static": 0.2773109243697479,
  "global_f1_asstf": 0.98989898989899,
  "global_f1_static": 0.7951807228915663,
  "window_recon_error_asstf": [
    0.5139173269271851,
    0.5104891657829285,
    0.711536169052124
  ],
  "window_recon_error_static": [
    0.45827147364616394,
    0.4606982171535492,
    0.6831346750259399
  ],
  "mean_recon_error_asstf": 0.5786475539207458,
  "mean_recon_error_static": 0.534034788608551,
  "final_asstf_threshold": 0.7173540857434274
}