{
  "app": "app_02_wake_word",
  "snr_table": [
    {
      "snr_db": -5,
      "asstf_acc": 0.62625,
      "static_acc": 0.86875,
      "gap": -0.24250000000000005
    },
    {
      "snr_db": 0,
      "asstf_acc": 0.94375,
      "static_acc": 0.95375,
      "gap": -0.010000000000000009
    },
    {
      "snr_db": 5,
      "asstf_acc": 0.97375,
      "static_acc": 0.97125,
      "gap": 0.0025000000000000577
    },
    {
      "snr_db": 10,
      "asstf_acc": 0.975,
      "static_acc": 0.9725,
      "gap": 0.0024999999999999467
    }
  ]
}