{
  "app": "app_02_wake_word",
  "snr_table": [
    {
      "snr_db": -5,
      "asstf_acc": 0.71625,
      "static_acc": 0.54125,
      "gap": 0.17500000000000004
    },
    {
      "snr_db": 0,
      "asstf_acc": 0.9975,
      "static_acc": 0.87375,
      "gap": 0.12375000000000003
    },
    {
      "snr_db": 5,
      "asstf_acc": 1.0,
      "static_acc": 0.9625,
      "gap": 0.03749999999999998
    },
    {
      "snr_db": 10,
      "asstf_acc": 1.0,
      "static_acc": 0.9625,
      "gap": 0.03749999999999998
    }
  ]
}