{
  "app": "app_04_few_shot",
  "n_eval_tasks": 5,
  "n_way": 5,
  "k_shot": 1,
  "asstf_mean_acc": 0.2,
  "static_mean_acc": 0.21600000000000003,
  "asstf_std_acc": 0.0,
  "static_std_acc": 0.04079215610874228
}